{"cameraMode":{"drawMode":0,"name":"Shaded","section":"Shading Mode"},"sceneLighting":true,"audioPlay":false,"sceneViewState":{"m_AlwaysRefresh":false,"showFog":true,"showSkybox":true,"showFlares":true,"showImageEffects":true,"showParticleSystems":true,"showVisualEffectGraphs":true,"m_FxEnabled":true},"in2DMode":false,"pivot":{"x":2.5877115726470949,"y":4.756681442260742,"z":-0.26163387298583987},"rotation":{"x":-0.0037442075554281475,"y":-0.9872176051139832,"z":-0.16534198820590974,"w":-0.010015436448156834},"size":1.1257727146148682,"orthographic":false}